feature,t_stat_binary,t_pvalue_binary,anova_f_multiclass,anova_p_multiclass,chi2_stat_binary_binned,chi2_pvalue_binary_binned
X101,0.5893697294598789,0.5556700712408837,1.3864910707071418,0.23579271247402434,1914.493636473006,0.0
X48,-0.2048358537835951,0.8377181655459432,0.48824758288180703,0.7444042886477291,1988.906853319603,0.0
X102,1.0849089301379349,0.2780735646480436,2.007513891959997,0.09055968641072207,1947.9640647896813,0.0
